0_13,+,m54071_171213_233458/10027129/ccs,1336,TACAAATGGTATCTTAACTGAGGCCTTCAAGAGAAAGGAATTG,IIIIIIIIIIIIIIIIIIIIIIIIIIIIIIIIIIII,3
0_13,-,m54071_171213_233458/10027129/ccs,779,TCTACCAGGAGCCCCCCAGAGAGCTGCCTCCTGAGGAGA,IIIIIIIIIIIIIIIIIIIIIIIIIIIIIIIIIIII,2
14_14,+,m54071_171213_233458/10027129/ccs,1457,TCTACCAAGGGCTAGAGCCCAGAGAGCTGCCTCCTGAACAGGAGA,IIIIIIIIIIIIIIIIIIIIIIIIIIIIIIIIIIII,3573
14_14,-,m54071_171213_233458/10027129/ccs,658,TCCCCCTCCTCAGGAGGCAGCTCTCTGGGCTCCTGAAAGTAGA,IIIIIIIIIIIIIIIIIIIIIIIIIIIIIIIIIIII,3534
15_15,+,m54071_171213_233458/10027129/ccs,1726,CACCAAAATCGAGAAAGTCAAGGCACTTCCCCGAGGAGAAATT,IIIIIIIIIIIIIIIIIIIIIIIIIIIIIIIIIIII,3444
15_15,-,m54071_171213_233458/10027129/ccs,389,TACAAATGGTATCTTAACTGAGGCCTTCAAGAGAAAGGAATTG,IIIIIIIIIIIIIIIIIIIIIIIIIIIIIIIIIIII,3543
16_16,+,m54071_171213_233458/10027129/ccs,1873,TCTACCAGGAGCCCCCCAGAGAGCTGCCTCCTGAGGAGA,IIIIIIIIIIIIIIIIIIIIIIIIIIIIIIIIIIII,3578
16_16,-,m54071_171213_233458/10027129/ccs,242,TCTACCAAGGGCTAGAGCCCAGAGAGCTGCCTCCTGAACAGGAGA,IIIIIIIIIIIIIIIIIIIIIIIIIIIIIIIIIIII,3576
17_17,+,m54071_171213_233458/10027129/ccs,1952,TCCCCCTCCTCAGGAGGCAGCTCTCTGGGCTCCTGAAAGTAGA,IIIIIIIIIIIIIIIIIIIIIIIIIIIIIIIIIIII,3425
17_17,-,m54071_171213_233458/10027129/ccs,163,CACCAAAATCGAGAAAGTCAAGGCACTTCCCCGAGGAGAAATT,IIIIIIIIIIIIIIIIIIIIIIIIIIIIIIIIIIII,3417
18_18,+,m54071_171213_233458/10027129/ccs,2013,TACAAATGGTATCTTAACTGAGGCCTTCAAGAGAAAGGAATTG,IIIIIIIIIIIIIIIIIIIIIIIIIIIIIIIIIIII,3390
18_18,-,m54071_171213_233458/10027129/ccs,102,TCTACCAGGAGCCCCCCAGAGAGCTGCCTCCTGAGGAGA,IIIIIIIIIIIIIIIIIIIIIIIIIIIIIIIIIIII,3237
19_19,+,m54071_171213_233458/10027129/ccs,2075,TCTACCAAGGGCTAGAGCCCAGAGAGCTGCCTCCTGAACAGGAGA,IIIIIIIIIIIIIIIIIIIIIIIIIIIIIIIIIIII,3468
19_19,-,m54071_171213_233458/10027129/ccs,40,TCCCCCTCCTCAGGAGGCAGCTCTCTGGGCTCCTGAAAGTAGA,IIIIIIIIIIIIIIIIIIIIIIIIIIIIIIIIIIII,3295
0_0,+,m54071_171213_233458/10027401/ccs,3537,CACCAAAATCGAGAAAGTCAAGGCACTTCCCCGAGGAGAAATT,IIIIIIIIIIIIIIIIIIIIIIIIIIIIIIIIIIII,3202
0_0,-,m54071_171213_233458/10027401/ccs,2888,TACAAATGGTATCTTAACTGAGGCCTTCAAGAGAAAGGAATTG,IIIIIIIIIIIIIIIIIIIIIIIIIIIIIIIIIIII,3277
1_1,+,m54071_171213_233458/10027401/ccs,3713,TCTACCAGGAGCCCCCCAGAGAGCTGCCTCCTGAGGAGA,IIIIIIIIIIIIIIIIIIIIIIIIIIIIIIIIIIII,2816
1_1,-,m54071_171213_233458/10027401/ccs,2714,TCTACCAAGGGCTAGAGCCCAGAGAGCTGCCTCCTGAACAGGAGA,IIIIIIIIIIIIIIIIIIIIIIIIIIIIIIIIIIII,2306
2_2,+,m54071_171213_233458/10027401/ccs,3861,TCCCCCTCCTCAGGAGGCAGCTCTCTGGGCTCCTGAAAGTAGA,IIIIIIIIIIIIIIIIIIIIIIIIIIIIIIIIIIII,3033
2_2,-,m54071_171213_233458/10027401/ccs,2566,CACCAAAATCGAGAAAGTCAAGGCACTTCCCCGAGGAGAAATT,IIIIIIIIIIIIIIIIIIIIIIIIIIIIIIIIIIII,3116
3_3,+,m54071_171213_233458/10027401/ccs,4010,TACAAATGGTATCTTAACTGAGGCCTTCAAGAGAAAGGAATTG,IIIIIIIIIIIIIIIIIIIIIIIIIIIIIIIIIIII,2953
3_3,-,m54071_171213_233458/10027401/ccs,2416,TCTACCAGGAGCCCCCCAGAGAGCTGCCTCCTGAGGAGA,IIIIIIIIIIIIIIIIIIIIIIIIIIIIIIIIIIII,2980
5_5,+,m54071_171213_233458/10027401/ccs,4300,TCTACCAAGGGCTAGAGCCCAGAGAGCTGCCTCCTGAACAGGAGA,IIIIIIIIIIIIIIIIIIIIIIIIIIIIIIIIIIII,3174
5_5,-,m54071_171213_233458/10027401/ccs,2130,TCCCCCTCCTCAGGAGGCAGCTCTCTGGGCTCCTGAAAGTAGA,IIIIIIIIIIIIIIIIIIIIIIIIIIIIIIIIIIII,3073
6_6,+,m54071_171213_233458/10027401/ccs,4410,CACCAAAATCGAGAAAGTCAAGGCACTTCCCCGAGGAGAAATT,IIIIIIIIIIIIIIIIIIIIIIIIIIIIIIIIIIII,3203
6_6,-,m54071_171213_233458/10027401/ccs,2021,TACAAATGGTATCTTAACTGAGGCCTTCAAGAGAAAGGAATTG,IIIIIIIIIIIIIIIIIIIIIIIIIIIIIIIIIIII,3071
7_7,+,m54071_171213_233458/10027401/ccs,4645,TCTACCAGGAGCCCCCCAGAGAGCTGCCTCCTGAGGAGA,IIIIIIIIIIIIIIIIIIIIIIIIIIIIIIIIIIII,3087
8_8,+,m54071_171213_233458/10027401/ccs,4763,TCTACCAAGGGCTAGAGCCCAGAGAGCTGCCTCCTGAACAGGAGA,IIIIIIIIIIIIIIIIIIIIIIIIIIIIIIIIIIII,3217
8_8,-,m54071_171213_233458/10027401/ccs,1665,TCCCCCTCCTCAGGAGGCAGCTCTCTGGGCTCCTGAAAGTAGA,IIIIIIIIIIIIIIIIIIIIIIIIIIIIIIIIIIII,3231
9_9,+,m54071_171213_233458/10027401/ccs,4982,CACCAAAATCGAGAAAGTCAAGGCACTTCCCCGAGGAGAAATT,IIIIIIIIIIIIIIIIIIIIIIIIIIIIIIIIIIII,2975
9_9,-,m54071_171213_233458/10027401/ccs,1454,TACAAATGGTATCTTAACTGAGGCCTTCAAGAGAAAGGAATTG,IIIIIIIIIIIIIIIIIIIIIIIIIIIIIIIIIIII,2847
10_10,+,m54071_171213_233458/10027401/ccs,5137,TCTACCAGGAGCCCCCCAGAGAGCTGCCTCCTGAGGAGA,IIIIIIIIIIIIIIIIIIIIIIIIIIIIIIIIIIII,3244
10_10,-,m54071_171213_233458/10027401/ccs,1298,TCTACCAAGGGCTAGAGCCCAGAGAGCTGCCTCCTGAACAGGAGA,IIIIIIIIIIIIIIIIIIIIIIIIIIIIIIIIIIII,2984
11_11,+,m54071_171213_233458/10027401/ccs,5326,TCCCCCTCCTCAGGAGGCAGCTCTCTGGGCTCCTGAAAGTAGA,IIIIIIIIIIIIIIIIIIIIIIIIIIIIIIIIIIII,3218
11_11,-,m54071_171213_233458/10027401/ccs,1106,CACCAAAATCGAGAAAGTCAAGGCACTTCCCCGAGGAGAAATT,IIIIIIIIIIIIIIIIIIIIIIIIIIIIIIIIIIII,3114
12_12,+,m54071_171213_233458/10027401/ccs,5500,TACAAATGGTATCTTAACTGAGGCCTTCAAGAGAAAGGAATTG,IIIIIIIIIIIIIIIIIIIIIIIIIIIIIIIIIIII,3346
12_12,-,m54071_171213_233458/10027401/ccs,934,TCTACCAGGAGCCCCCCAGAGAGCTGCCTCCTGAGGAGA,IIIIIIIIIIIIIIIIIIIIIIIIIIIIIIIIIIII,3458
13_13,+,m54071_171213_233458/10027401/ccs,5657,TCTACCAAGGGCTAGAGCCCAGAGAGCTGCCTCCTGAACAGGAGA,IIIIIIIIIIIIIIIIIIIIIIIIIIIIIIIIIIII,3448
13_13,-,m54071_171213_233458/10027401/ccs,777,TCCCCCTCCTCAGGAGGCAGCTCTCTGGGCTCCTGAAAGTAGA,IIIIIIIIIIIIIIIIIIIIIIIIIIIIIIIIIIII,3297
14_14,+,m54071_171213_233458/10027401/ccs,5779,CACCAAAATCGAGAAAGTCAAGGCACTTCCCCGAGGAGAAATT,IIIIIIIIIIIIIIIIIIIIIIIIIIIIIIIIIIII,3573
14_14,-,m54071_171213_233458/10027401/ccs,656,TACAAATGGTATCTTAACTGAGGCCTTCAAGAGAAAGGAATTG,IIIIIIIIIIIIIIIIIIIIIIIIIIIIIIIIIIII,3534
15_15,+,m54071_171213_233458/10027401/ccs,6050,TCTACCAGGAGCCCCCCAGAGAGCTGCCTCCTGAGGAGA,IIIIIIIIIIIIIIIIIIIIIIIIIIIIIIIIIIII,3444
15_15,-,m54071_171213_233458/10027401/ccs,387,TCTACCAAGGGCTAGAGCCCAGAGAGCTGCCTCCTGAACAGGAGA,IIIIIIIIIIIIIIIIIIIIIIIIIIIIIIIIIIII,3543
16_16,+,m54071_171213_233458/10027401/ccs,6197,TCCCCCTCCTCAGGAGGCAGCTCTCTGGGCTCCTGAAAGTAGA,IIIIIIIIIIIIIIIIIIIIIIIIIIIIIIIIIIII,3578
16_16,-,m54071_171213_233458/10027401/ccs,240,CACCAAAATCGAGAAAGTCAAGGCACTTCCCCGAGGAGAAATT,IIIIIIIIIIIIIIIIIIIIIIIIIIIIIIIIIIII,3576
17_17,+,m54071_171213_233458/10027401/ccs,6276,TACAAATGGTATCTTAACTGAGGCCTTCAAGAGAAAGGAATTG,IIIIIIIIIIIIIIIIIIIIIIIIIIIIIIIIIIII,3425
17_17,-,m54071_171213_233458/10027401/ccs,161,TCTACCAGGAGCCCCCCAGAGAGCTGCCTCCTGAGGAGA,IIIIIIIIIIIIIIIIIIIIIIIIIIIIIIIIIIII,3417
18_18,+,m54071_171213_233458/10027401/ccs,6337,TCTACCAAGGGCTAGAGCCCAGAGAGCTGCCTCCTGAACAGGAGA,IIIIIIIIIIIIIIIIIIIIIIIIIIIIIIIIIIII,3390
18_18,-,m54071_171213_233458/10027401/ccs,100,TCCCCCTCCTCAGGAGGCAGCTCTCTGGGCTCCTGAAAGTAGA,IIIIIIIIIIIIIIIIIIIIIIIIIIIIIIIIIIII,3237
19_19,+,m54071_171213_233458/10027401/ccs,6398,CACCAAAATCGAGAAAGTCAAGGCACTTCCCCGAGGAGAAATT,IIIIIIIIIIIIIIIIIIIIIIIIIIIIIIIIIIII,3468
19_19,-,m54071_171213_233458/10027401/ccs,38,TACAAATGGTATCTTAACTGAGGCCTTCAAGAGAAAGGAATTG,IIIIIIIIIIIIIIIIIIIIIIIIIIIIIIIIIIII,3295
0_0,+,m54071_171213_233458/10027472/ccs,196,TCTACCAGGAGCCCCCCAGAGAGCTGCCTCCTGAGGAGA,IIIIIIIIIIIIIIIIIIIIIIIIIIIIIIIIIIII,3202
0_0,-,m54071_171213_233458/10027472/ccs,5665,TCTACCAAGGGCTAGAGCCCAGAGAGCTGCCTCCTGAACAGGAGA,IIIIIIIIIIIIIIIIIIIIIIIIIIIIIIIIIIII,3277
1_1,-,m54071_171213_233458/10027472/ccs,5489,TCCCCCTCCTCAGGAGGCAGCTCTCTGGGCTCCTGAAAGTAGA,IIIIIIIIIIIIIIIIIIIIIIIIIIIIIIIIIIII,2306
2_2,-,m54071_171213_233458/10027472/ccs,5342,CACCAAAATCGAGAAAGTCAAGGCACTTCCCCGAGGAGAAATT,IIIIIIIIIIIIIIIIIIIIIIIIIIIIIIIIIIII,3116